{
	// pages.json
	"easycom": {
	  "autoscan": true,
	  "custom": {
		"^s-(.*)": "@/components/d-$1/d-$1.vue" ,// 匹配components目录内的vue文件
		"^u-(.*)": "@/uni_modules/uview-ui/components/u-$1/u-$1.vue"//匹配uView-ui
		//"^vue-file-(.*)": "packageName/path/to/vue-file-$1.vue" // 匹配node_modules内的vue文件
	  }
	},

	"pages": [ //pages数组中第一项表示应用启动页，参考：https://uniapp.dcloud.io/collocation/pages

        {
			"path": "pages/index/index",
			"style": {
				"navigationBarTitleText": "首页"
			}
		},{
            "path" : "pages/employee/employeeLogin",
            "style" :                                                                                    
            {
                "navigationBarTitleText": "员工登录",
                "enablePullDownRefresh": false
            }
            
        }
        ,{
            "path" : "pages/employee/employee",
            "style" :                                                                                    
            {
                "navigationBarTitleText": "员工",
                "enablePullDownRefresh": false
            }
            
        },{
            "path" : "pages/employee/employeeOrder",
            "style" :                                                                                    
            {
                "navigationBarTitleText": "授权申请",
                "enablePullDownRefresh": false
            }
            
        }
        ,{
            "path" : "pages/employee/employeeRecord",
            "style" :                                                                                    
            {
                "navigationBarTitleText": "授权记录",
                "enablePullDownRefresh": false
            }
            
        }
        ,{
            "path" : "pages/employee/employeeCenter",
            "style" :                                                                                    
            {
                "navigationBarTitleText": "个人中心",
                "enablePullDownRefresh": false
            }
            
<<<<<<< HEAD
        },{
=======
        },
		{
		    "path" : "pages/visitor/visitorLogin",
		    "style" :                                                                                    
		    {
		        "navigationBarTitleText": "绑定手机号",
		        "enablePullDownRefresh": false
		    }
		    
		},
	    {
>>>>>>> a0f813343f2aed3918e9a4bd7797c5a81943739b
            "path" : "pages/visitor/visitor",
            "style" :                                                                                    
            {
                "navigationBarTitleText": "访客",
                "enablePullDownRefresh": false
            }   
        }
        ,{
            "path" : "pages/visitor/visitorOrder",
            "style" :                                                                                    
            {
                "navigationBarTitleText": "访客预约",
                "enablePullDownRefresh": false
            }
            
        }
        ,{
            "path" : "pages/visitor/visitorRecord",
            "style" :                                                                                    
            {
                "navigationBarTitleText": "我的记录",
                "enablePullDownRefresh": false
            }
            
        }
        ,{
            "path" : "pages/visitor/visitorCenter",
            "style" :                                                                                    
            {
                "navigationBarTitleText": "个人中心",
                "enablePullDownRefresh": false
            }
            
        }
        ,{
            "path" : "pages/access/access",
            "style" :                                                                                    
            {
                "navigationBarTitleText": "门禁",
                "enablePullDownRefresh": false
            } 
        }
        
<<<<<<< HEAD
=======
        
        ,{
            "path" : "pages/access/accessLogin",
            "style" :                                                                                    
            {
                "navigationBarTitleText": "门禁人员登录",
                "enablePullDownRefresh": false
            }
            
        }
>>>>>>> a0f813343f2aed3918e9a4bd7797c5a81943739b
    ],
	"globalStyle": {
		"navigationBarTextStyle": "white",
		"navigationBarTitleText": "访客门禁",
		"navigationBarBackgroundColor": "#84e29c"
		
	},
	"uniIdRouter": {}
}
